Time,P,I,C
0.0,5000.0,500.0,50.0
1.001001001001001,1872.2974005139756,823.3687435968174,51.65389409426564
2.002002002002002,565.3213389294872,859.1495698515473,55.34495122581037
3.0030030030030033,200.78529413589942,766.8364870326672,58.86518106373987
4.004004004004004,92.9018245198616,653.459086491033,61.34549790629693
5.005005005005005,55.64382913724865,548.3635734941118,62.59696692241847
6.0060060060060065,41.7651575988031,458.01169334322947,62.69344829773696
7.007007007007008,37.90216532978027,382.6695267622412,61.8137174677014
8.008008008008009,40.23902045978605,320.818218232234,60.168780090500945
9.00900900900901,48.56410320170385,270.5223800566153,57.964007998905444
10.01001001001001,65.01649799618264,229.93385207753576,55.38076049546384
11.011011011011012,94.52835752988736,197.498954171105,52.569918578352166
12.012012012012013,146.41659038855605,172.06030084738228,49.65237360021151
13.013013013013014,237.05692572854667,152.94480604198117,46.72324943849813
14.014014014014016,392.7118942304819,140.10548796165025,43.858047950111356
15.015015015015017,647.7919189760163,134.38680234676156,41.120020187532404
16.016016016016017,1025.148936825229,137.96259824513874,38.56883775577018
17.017017017017018,1480.8404517853826,154.73957611634907,36.27046816429514
18.01801801801802,1840.8898903441816,189.3535707349794,34.304213727241866
19.01901901901902,1868.6849066999616,241.37427721864157,32.75004774041622
20.02002002002002,1524.0699488071807,296.3791814699845,31.632544863863185
21.021021021021024,1045.9444804970656,332.08095031409187,30.858083062090927
22.022022022022025,661.2223948171319,339.57357537935695,30.247709748480172
23.023023023023026,419.1840037965608,326.014357334819,29.640088408540585
24.024024024024026,280.9458283937745,301.90805762496376,28.943893935911724
25.025025025025027,203.9222077417256,274.4268638093605,28.12789900365106
26.026026026026027,161.37869648973842,247.30750569496175,27.19561046491592
27.027027027027028,138.94310224488964,222.21500407281616,26.16652458530517
28.028028028028032,129.33965525295966,199.7592494721552,25.065566890763392
29.029029029029033,129.14552144511998,180.05503841111425,23.917788416640267
30.030030030030034,137.1344666474648,163.0053048230113,22.74595033397719
31.031031031031034,153.49144178397293,148.44192092677545,21.56962023298958
32.032032032032035,179.4447004559156,136.1966051107562,20.405038753215493
33.033033033033036,217.0303782138456,126.13776067715165,19.2653614237821
34.034034034034036,268.739571185418,118.18983279309087,18.16106219253825
35.03503503503504,336.74689504673063,112.34077777810595,17.100378339804948
36.03603603603604,421.3834617375929,108.63483213543569,16.089718998274904
37.03703703703704,518.7349073915507,107.1391228129874,15.133969869328405
38.03803803803804,618.0883646967465,107.86534694537353,14.2366179301483
39.03903903903904,701.4490684899322,110.63307890996592,13.399616981436331
40.04004004004004,748.0690730338827,114.90282075286082,12.622973273641424
41.04104104104105,744.0569110324046,119.69196662205334,11.904216471225416
42.04204204204205,690.9338002684832,123.73274597601176,11.238185240018703
43.04304304304305,605.1141496054565,125.88687887797477,10.617598395841181
44.04404404404405,508.3418466284195,125.55815166902788,10.03442178683892
45.04504504504505,417.7257739624142,122.80305075997069,9.481409467498453
46.04604604604605,341.9882212510048,118.12734754070974,8.953097334772348
47.04704704704705,283.1094591575835,112.18993626145738,8.446012952950582
48.04804804804805,239.52333698025916,105.59425744857066,7.958340526214968
49.04904904904905,208.5283935371547,98.8026840780083,7.489394819228466
50.050050050050054,187.522736727633,92.13131086685812,7.0391360636994245
51.051051051051054,174.448398169836,85.77801122675999,6.607812144968332
52.052052052052055,167.8544395187415,79.85629323328214,6.195729483521976
53.053053053053056,166.8212313724319,74.42401567822601,5.80312336836917
54.054054054054056,170.85360211251844,69.5046010834696,5.43009557516015
55.05505505505506,179.77702888454718,65.10160993021891,5.0765936641605816
56.056056056056065,193.63672306389614,61.20825822740743,4.742414103005004
57.057057057057065,212.58420422034038,57.813248131619986,4.42721761219604
58.058058058058066,236.72979835448294,54.90382527706608,4.130549514380255
59.05905905905907,265.94122956379914,52.466528270027936,3.8518607093996695
60.06006006006007,299.58334151046114,50.48574478219785,3.59052668936129
61.06106106106107,336.2305433376504,48.94002236819157,3.345863140123368
62.06206206206207,373.4443742809599,47.79624488938619,3.1171375099335163
63.06306306306307,407.77414904587306,47.00247392302638,2.903576752498844
64.06406406406407,435.1507505071875,46.48154249436757,2.7043724674592644
65.06506506506507,451.72600665011373,46.12894449597179,2.5186858134881174
66.06606606606607,454.9504398952037,45.81895166436003,2.3456553812194643
67.06706706706707,444.4257224102669,45.42062511751524,2.1844108244151283
68.06806806806807,422.0675128880388,44.8203713135351,2.0340928526384396
69.06906906906907,391.46613727840526,43.94286007408686,1.8938767990066305
70.07007007007007,356.79153048917806,42.76175081025778,1.7629943762879907
71.07107107107107,321.77985026591415,41.296812965910746,1.6407483176185549
72.07207207207207,289.15934212916704,39.600751701043,1.5265173376970624
73.07307307307308,260.5502899420816,37.74252817759743,1.4197523325885757
74.07407407407408,236.6663659231305,35.79300086654931,1.319966965701155
75.07507507507508,217.6171652082585,33.815575143423764,1.2267261453256177
76.07607607607608,203.183067804916,31.861807749347346,1.1396350043818892
77.07707707707708,193.01326545310772,29.970584742829786,1.0583297612720564
78.07807807807808,186.74665353888102,28.16932361359271,0.9824708530749607
79.07907907907908,184.0738189071618,26.47601911987961,0.9117381534899075
80.08008008008008,184.7595221976237,24.90141194594687,0.8458278481475269
81.0810810810811,188.63973551172907,23.450917178151354,0.7844505056644365
82.0820820820821,195.60116227162015,22.12617202989985,0.7273299455964651
83.0830830830831,205.54645817011308,20.926178113312726,0.6742025966304738
84.0840840840841,218.3457780749021,19.848062577106525,0.6248171266865308
85.0850850850851,233.77515936729597,18.887496873518064,0.5789341988281107
86.0860860860861,251.44509845260032,18.038814055821838,0.5363262614663662
87.0870870870871,270.72884240749374,17.294871022222807,0.49677732083089504
88.0880880880881,290.7087713114412,16.646722193216167,0.4600826722203166
89.0890890890891,310.1678555968917,16.083211677227577,0.4260485875663263
90.0900900900901,327.6554424625967,15.590648813359785,0.39449197275080733
91.0910910910911,341.64492974863333,15.15278364868727,0.3652400191004236
92.0920920920921,350.77111983797755,14.751305855045246,0.3381298780234296
93.0930930930931,354.09457590598754,14.367000713137834,0.31300838294712763
94.0940940940941,351.31008156528264,13.981493114309075,0.2897318270455771
95.0950950950951,342.8208765737258,13.579250458316633,0.26816578155524323
96.0960960960961,329.64676907725834,13.149328487262993,0.24818491658304873
97.0970970970971,313.2004912938936,12.686361989833001,0.22967277531480124
98.0980980980981,295.0140790364065,12.190546376828792,0.21252146046033996
99.0990990990991,276.5010914251592,11.666703174870136,0.19663121575671533
100.10010010010011,258.8069981343097,11.122789879395505,0.18190991426160522
101.10110110110111,242.75595345547896,10.568293130746753,0.1682724867225097
102.10210210210211,228.87087250501696,10.012850310630524,0.15564033118705226
103.10310310310311,217.43326990139246,9.465273584137513,0.14394074036966523
104.10410410410411,208.55413285451846,8.932995637542293,0.1331063717318718
105.10510510510511,202.23779360664668,8.421861747495582,0.12307477257963248
106.10610610610611,198.43069367326964,7.936159486333319,0.1137879623687003
107.10710710710711,197.0534112890156,7.478783823186904,0.10519206803954954
108.10810810810811,198.01745959819317,7.0514594242629025,0.09723700517058181
109.10910910910911,201.22925752132056,6.654968321523563,0.08987619705388333
110.11011011011011,206.58351847778843,6.289352977613247,0.08306632441450533
111.11111111111111,213.94793480799456,5.954080150805495,0.0767670996991422
112.11211211211213,223.14103225058113,5.648160827096919,0.07094106116760533
113.11311311311313,233.90575732142463,5.370227645406683,0.06555338321688639
114.11411411411413,245.8828608415759,5.118575403712648,0.06057170034873936
115.11511511511513,258.59026097904774,4.891173899330337,0.05596594296523034
116.11611611611613,271.41661993452004,4.685666223225498,0.05170818375003521
117.11711711711713,283.63809749752596,4.499369616504981,0.047772493813260236
118.11811811811813,294.46508676397053,4.329299029253777,0.04413480806131122
119.11911911911913,303.11948803552474,4.172233226673792,0.040772799407224176
120.12012012012013,308.93329275439083,4.024837243390498,0.0376657614760621
121.12112112112113,311.4488593530122,3.8838418176520477,0.034794499381834106
122.12212212212214,310.49538253517943,3.7462617559179368,0.03214122799884784
123.12312312312314,306.21909603994175,3.609617047685345,0.02968947696921186
124.12412412412414,299.0574156842803,3.4721113229323675,0.02742400157551984
125.12512512512514,289.6643962499358,3.332727761570139,0.025330698617922885
126.12612612612614,278.80901323468686,3.1912225128559597,0.023396526605015525
127.12712712712714,267.2727327806601,3.04802246665335,0.02160942984237807
128.12812812812814,255.76782328357822,2.9040564719941613,0.019958266295883414
129.12912912912915,244.88710358430305,2.7605595638689193,0.018432739330070613
130.13013013013014,235.0849654053587,2.6188867769613697,0.01702333351935585
131.13113113113116,226.68238420945053,2.480361490163921,0.015721254708237986
132.13213213213214,219.8861305494761,2.3461691827076554,0.014518374395269856
133.13313313313316,214.8133365445846,2.2172958627361288,0.013407178386052676
134.13413413413414,211.51506116347022,2.094503358272351,0.012380719543325655
135.13513513513516,209.99520513124173,1.978330998834327,0.01143257438040115
136.13613613613614,210.22314586802835,1.8691134679839285,0.010556803198885677
137.13713713713716,212.1398529375225,1.767006512345679,0.009747913460546669
138.13813813813815,215.65799859591883,1.6720145095197017,0.009000826093253363
139.13913913913916,220.65705556823616,1.5840160917510944,0.008310844454544847
140.14014014014015,226.97477479022064,1.5027857501493977,0.0076736257045912845
141.14114114114116,234.3969530181528,1.428010739857404,0.007085154370051786
142.14214214214215,242.64803759035408,1.3593035904243453,0.006541717907082804
143.14314314314316,251.3857848075405,1.2962113180645638,0.006039884095722229
144.14414414414415,260.2036192613711,1.2382230534372691,0.005576480118658417
145.14514514514516,268.6440461191319,1.1847781863795754,0.005148573193111778
146.14614614614615,276.2251481468481,1.1352772676663068,0.004753452639431248
147.14714714714717,282.4795256031462,1.0890975707185435,0.00438861328019316
148.14814814814815,287.00147297276254,1.0456143215079063,0.004051740072232302
149.14914914914917,289.4946327862997,1.0042271149214532,0.0037406938803066564
150.15015015015015,289.81037001524925,0.964389266259356,0.0034534983063601575
151.15115115115117,287.9679461116472,0.9256362686722075,0.0031883274927331823
152.15215215215215,284.151220582476,0.8876087397645092,0.0029434948225762246
153.15315315315317,278.68259117122483,0.8500657472873885,0.0027174424461942556
154.15415415415416,271.98034701152284,0.8128861428302522,0.002508731568761152
155.15515515515517,264.50900746194793,0.776057990879413,0.0023160334420934594
156.15615615615616,256.7323999482318,0.7396585330004445,0.002138121010203667
157.15715715715717,249.07665355769558,0.7038286347739704,0.0019738611646543023
158.15815815815816,241.9064538904274,0.668746010416233,0.0018222075702964535
159.15915915915917,235.51427843698403,0.6346008242094724,0.0016821940252204856
160.16016016016016,230.1199238395468,0.6015759929802431,0.0015529283206466094
161.16116116116117,225.87663747253643,0.5698331420441115,0.00143358656750456
162.1621621621622,222.8803048237194,0.5395040501295618,0.0013234079573226976
163.16316316316318,221.17889054735096,0.5106867284307823,0.001221689926669774
164.1641641641642,220.78027580565308,0.4834449522686529,0.0011277836942323084
165.16516516516518,221.6575125008561,0.4578100760264591,0.0010410901431368944
166.1661661661662,223.75125468779794,0.4337841115320294,0.0009610560181565243
167.16716716716718,226.96955463622743,0.41134333106572585,0.0008871704223924466
168.1681681681682,231.18587310366635,0.3904418283959433,0.0008189615746098632
169.16916916916918,236.23625540808075,0.37101482088177384,0.0007559938219876447
170.1701701701702,241.91716584110884,0.3529815504317546,0.0006978648789166996
171.17117117117118,247.98560892435702,0.3362478555390081,0.0006442032774739198
172.1721721721722,254.16323557280626,0.3207085726320708,0.0005946660127103662
173.17317317317318,260.14584560660313,0.3062499876809351,0.0005489363676739248
174.1741741741742,265.61898141303453,0.29275256996010246,0.0005067219044146355
175.17517517517518,270.27913007832495,0.28009417177538065,0.000467752608203834
176.1761761761762,273.85857509962796,0.2681537631788864,0.00043177917332874955
177.17717717717719,276.1505679255671,0.2568156096968106,0.00039857141965827825
178.1781781781782,277.030580809836,0.24597361184378164,0.00036791682983358204
179.1791791791792,276.4696907358246,0.2355353787360059,0.00033961919810278796
180.1801801801802,274.53726106740004,0.22542552421723253,0.00031349738185861573
181.1811811811812,271.39223785905864,0.21558771384543707,0.00028938414869806553
182.1821821821822,267.2648953293544,0.2059851764238477,0.0002671251105566564
183.1831831831832,262.4324201680609,0.19659961828941988,0.0002465777394818565
184.1841841841842,257.1927222900323,0.1874287567508954,0.00022761045811035263
185.1851851851852,251.8404164095276,0.17848288406404267,0.00021010179946173414
186.1861861861862,246.64773907917376,0.16978097312977627,0.0001939396308134455
187.1871871871872,241.8516269835686,0.16134681787766197,0.0001790204368612687
188.1881881881882,237.64680273316816,0.15320559843384873,0.00016524865773226657
189.1891891891892,234.18375041440967,0.1453811127214211,0.00015253607770476308
190.1901901901902,231.57003848654438,0.1378937670057494,0.00014080126084916765
191.1911911911912,229.8734306587953,0.13075929975466416,0.00012996903002979675
192.1921921921922,229.12549076753277,0.12398813214283419,0.00011996998583888706
193.19319319319322,229.32478650927786,0.11758520954684053,0.0001107400626885712
194.1941941941942,230.43920354311268,0.11155018400056571,0.0001022201188752822
195.19519519519523,232.40727903942238,0.10587781172984034,9.435555827299463e-05
196.1961961961962,235.13878035423753,0.10055846546295558,8.709598156828503e-05
197.19719719719723,238.51503892755122,0.0955786945896807,8.039486311740311e-05
198.1981981981982,242.38973113709,0.09092179093464196,7.420925362401255e-05
199.19919919919923,246.59092589610864,0.08656834658853377,6.849950540676562e-05
200.20020020020021,250.92519250346618,0.08249680701108157,6.322901886381719e-05
201.20120120120123,255.18441569949562,0.07868403592673064,5.8364007920991776e-05
202.20220220220222,259.15551977462144,0.07510590687540201,5.387328434108688e-05
203.20320320320323,262.63287904133523,0.07173793947296055,4.972805761898644e-05
204.20420420420422,265.43237907922173,0.0685559764106727,4.590175121578939e-05
205.20520520520523,267.4056601795562,0.06553688837181311,4.2369832225876714e-05
206.20620620620622,268.4525700500987,0.06265926887310494,3.910965435729676e-05
207.20720720720723,268.5299034751755,0.05990406689544146,3.610031293773997e-05
208.20820820820822,267.65494972405264,0.05725509783670024,3.332251105556137e-05
209.20920920920923,265.90316999899284,0.05469937652401049,3.075843600202232e-05
210.21021021021022,263.40041494383036,0.052227236042461204,2.8391645153122314e-05
211.21121121121124,260.3109119229396,0.049832220084138845,2.6206960652087002e-05
212.21221221221222,256.8229232301451,0.04751076894979337,2.419037216165916e-05
213.21321321321324,253.13407416278926,0.04526174446289521,2.2328947087050407e-05
214.21421421421422,249.4380770701566,0.04308585582444819,2.061074769518535e-05
215.21521521521524,245.91402668528437,0.04098505379493366,1.9024754597050352e-05
216.21621621621622,242.7187285326377,0.03896195111724544,1.756079611750051e-05
217.21721721721724,239.98202372247235,0.03701931560153894,1.6209483087859893e-05
218.21821821821823,237.80460602558387,0.03515966179597619,1.4962148654160894e-05
219.21921921921924,236.25765168518095,0.033384950810644305,1.3810792713998804e-05
220.22022022022023,235.38356632766423,0.031696394102879534,1.2748030626653478e-05
221.22122122122124,235.19725961597948,0.03009434776710808,1.1767045868443888e-05
222.22222222222223,235.68753958011192,0.02857827952747847,1.0861546329999518e-05
223.22322322322324,236.8184268019486,0.02714678987196793,1.0025723975541057e-05
224.22422422422426,238.53038643256494,0.02579767064081172,9.254217605377309e-06
225.22522522522524,240.7416507351123,0.024527987670843156,8.542078483067517e-06
226.22622622622626,243.3499285392918,0.023334177829904233,7.884738606577974e-06
227.22722722722725,246.2348695545089,0.022212154439648402,7.277981420140273e-06
228.22822822822826,249.26164143663755,0.021157417983689378,6.717914779496982e-06
229.22922922922925,252.285888516435,0.02016517101007643,6.2009459955551355e-06
230.23023023023026,255.16014992384063,0.019230437099023393,5.723758798726601e-06
231.23123123123125,257.74155890013185,0.018348183548136204,5.283292074439332e-06
232.23223223223226,259.90034120884803,0.017513446324548165,4.8767202344437645e-06
233.23323323323325,261.5283540826448,0.01672145403379501,4.5014350982294975e-06
234.23423423423426,262.54672528439033,0.01596774572820462,4.155029167212474e-06
235.23523523523525,262.91161993677065,0.015248275734727881,3.835280185234364e-06
236.23623623623627,262.61732825680724,0.01455949797937435,3.540136888254219e-06
237.23723723723725,261.6962180237068,0.013898422988237883,3.2677058482668777e-06
238.23823823823827,260.21553295191933,0.013262642634919653,3.01623933168942e-06
239.23923923923925,258.271491126927,0.012650321041294585,2.7841240902468395e-06
240.24024024024027,255.9815021392097,0.012060153801878432,2.569871009823243e-06
241.24124124124126,253.47544120499978,0.011491300437813833,2.3721055624696977e-06
242.24224224224227,250.88699166208715,0.010943298299959112,2.1895589892531684e-06
243.24324324324326,248.34584794263233,0.010415966923528232,2.0210601616385115e-06
244.24424424424427,245.97129352403178,0.009909311605608954,1.8655280694604846e-06
245.24524524524526,243.86738796179816,0.009423433701539708,1.7219648866787822e-06
246.24624624624627,242.11973551042982,0.008958453105530865,1.589449570501272e-06
247.24724724724726,240.79362338137966,0.008514445958392,1.4671319530823696e-06
248.24824824824827,239.93323139821388,0.008091398582704227,1.3542272878199335e-06
249.24924924924926,239.5616032221018,0.007689176968936068,1.25001121524616e-06
250.25025025025028,239.68112084817503,0.007307509940529995,1.1538151163498878e-06
251.25125125125126,240.2743110085187,0.006945983725514252,1.0650218233748432e-06
252.25225225225228,241.3049094022733,0.006604045395959634,9.830616606955218e-07
253.25325325325326,242.71920376232757,0.006281012910536513,9.074087903277152e-07
254.25425425425428,244.447752283607,0.005976089854116972,8.375778386495078e-07
255.25525525525526,246.4076153633608,0.0056883834107730605,7.731207826766477e-07
256.2562562562563,248.50524173363243,0.005416924542450593,7.136240759760421e-07
257.25725725725727,250.64010405988006,0.005160689613689635,6.587059956795994e-07
258.2582582582583,252.70909303006198,0.004918622969909276,6.080141936398426e-07
259.2592592592593,254.61155109985435,0.004689659986844494,5.612234361466864e-07
260.2602602602603,256.25468435313024,0.004472750067279124,5.180335171935186e-07
261.26126126126127,257.55895961604887,0.004266878912059901,4.781673328322179e-07
262.2622622622623,258.46299848154365,0.004071089224429476,4.41369103372049e-07
263.2632632632633,258.92746112794936,0.003884498867842799,4.07402732441337e-07
264.2642642642643,258.9374761767839,0.0037063154688012274,3.760502922631034e-07
265.26526526526527,258.5033207495236,0.0035358465686658623,3.4711062557331444e-07
266.2662662662663,257.6592496560074,0.0033725046528555722,3.203980554644373e-07
267.2672672672673,256.4606436026686,0.0032158069100213125,2.95741193424778e-07
268.2682682682683,254.97977674542074,0.0030653698429596097,2.7298184027370774e-07
269.2692692692693,253.3007043393779,0.0029208994844039196,2.519739710797364e-07
270.2702702702703,251.51378722560398,0.002782178236933662,2.3258279832487223e-07
271.2712712712713,249.71035235553043,0.002649049617734822,2.146839071192194e-07
272.2722722722723,247.97787388840604,0.0025214021979501136,1.981624570299982e-07
273.2732732732733,246.3959504766189,0.0023991539980869675,1.829124451831767e-07
274.2742742742743,245.03317089223722,0.002282238225742803,1.6883602627052012e-07
275.2752752752753,243.94488576657878,0.002170591106100753,1.5584288475270779e-07
276.2762762762763,243.1718007001824,0.0020641421543917764,1.4384965539887978e-07
277.2772772772773,242.73925582560173,0.0019628069877150518,1.3277938842599384e-07
278.2782782782783,242.65706692128177,0.0018664825651023558,1.2256105579836463e-07
279.2792792792793,242.91981524456452,0.0017750446023438139,1.1312909551891584e-07
280.2802802802803,243.50751635854846,0.0016883468302502887,1.0442299098738301e-07
281.2812812812813,244.38663988828526,0.0016062217429216768,9.638688267260677e-08
282.2822822822823,245.511490540437,0.0015284825058963735,8.896920955699288e-08
283.2832832832833,246.82597588800826,0.001454925720724259,8.212237919303952e-08
284.2842842842843,248.26581023988732,0.001385334821340961,7.580246182731812e-08
285.2852852852853,249.7611735827808,0.001319483909026373,6.996890734456869e-08
286.2862862862863,251.23978080797204,0.0012571418224015245,6.458428667761571e-08
287.2872872872873,252.63028735852308,0.0011980763346224037,5.961405132757596e-08
288.2882882882883,253.86589025755728,0.0011420583358258867,5.502631146174251e-08
289.28928928928934,254.88788611881355,0.0010888658449119883,5.07916313778486e-08
290.29029029029033,255.64893279133904,0.0010382877066172195,4.688284063919611e-08
291.2912912912913,256.1157328076204,0.0009901268173044804,4.3274859756971574e-08
292.2922922922923,256.2708851934877,0.000944202728113782,3.9944539286507816e-08
293.29329329329335,256.1137288132725,0.0009003535048812601,3.687051123827956e-08
294.29429429429433,255.6600620303604,0.0008584367343781039,3.403305213302777e-08
295.2952952952953,254.94081355265584,0.0008183296797596889,3.141395627880795e-08
296.2962962962963,253.99976441819413,0.0007799285797239631,2.8996419053777157e-08
297.29729729729735,252.89056531102216,0.0007431472036924582,2.676492907129199e-08
298.29829829829833,251.67333394451745,0.0007079148054871782,2.47051686515723e-08
299.2992992992993,250.41111238925376,0.0006741736553130403,2.2803921963304523e-08
300.3003003003003,249.16645541419658,0.0006418763530070272,2.104899022561713e-08
301.30130130130135,247.99835225682017,0.0006109831112725389,1.9429113440627033e-08
302.30230230230234,246.95962247620733,0.0005814591794580186,1.793389814368881e-08
303.3033033033033,246.09485295798513,0.0005532725325684302,1.655375072867585e-08
304.3043043043043,245.43889473033886,0.0005263919247329516,1.527981588152931e-08
305.30530530530535,245.01588393135626,0.0005007853416789315,1.4103919768607759e-08
306.30630630630634,244.83874283836337,0.00047641886809651085,1.3018517591205536e-08
307.3073073073073,244.90910418817714,0.0004532559480256246,1.2016645177016326e-08
308.3083083083083,245.21761436210693,0.0004312570013266776,1.1091874298695687e-08
309.30930930930936,245.74458063550938,0.00041037934464120777,1.023827142535225e-08
310.31031031031034,246.46094627908113,0.00039057736548859314,9.450359650496616e-09
311.31131131131133,247.32958649166105,0.0003718028966000995,8.723083533942243e-09
312.3123123123123,248.30691053569956,0.0003540057395167604,8.051776743543806e-09
313.31331331331336,249.34476828035875,0.00033713429874934444,7.432132051921201e-09
314.31431431431434,250.39261293029793,0.0003211362845130182,6.860173685708351e-09
315.31531531531533,251.3998728966057,0.00030595945453255717,6.3322317639682056e-09
316.3163163163163,252.3183943131626,0.0002915523510186351,5.844918924371415e-09
317.31731731731736,253.1048769177983,0.00027786501949631577,5.395108455365861e-09
318.31831831831835,253.72311495986057,0.00026484966792429313,4.979914272412826e-09
319.31931931931933,254.14589664346326,0.00025246124425790947,4.596672390443633e-09
320.3203203203203,254.3564025921544,0.00024065790493939018,4.242923845674983e-09
321.32132132132136,254.34900227416657,0.00022940135767061744,3.916398905455205e-09
322.32232232232235,254.1293634367308,0.0002186570612506972,3.6150025152378775e-09
323.32332332332334,253.71389621317607,0.00020839428350808348,3.3368008304941024e-09
324.3243243243244,253.12851969607348,0.00019858600754267446,3.080008860284222e-09
325.32532532532537,252.40696911815792,0.00018920872036831533,2.842978960099275e-09
326.32632632632635,251.58867821063853,0.0001802420850355807,2.624190293770782e-09
327.32732732732734,250.71648819352308,0.00017166853716060084,2.4222390604449777e-09
328.3283283283284,249.83430084645414,0.0001634728291305521,2.2358294938557772e-09
329.32932932932937,248.98484503520623,0.00015564155651380727,2.0637655460745425e-09
330.33033033033036,248.2076676210214,0.0001481626930806499,1.90494321413374e-09
331.33133133133134,247.5374275884339,0.000141025159166324,1.7583434565638794e-09
332.3323323323324,247.00254351483625,0.00013421844149495346,1.6230256545032879e-09
333.33333333333337,246.6242068581409,0.0001277322754104956,1.4981215767963032e-09
334.33433433433436,246.4157572681364,0.0001215563956824193,1.3828298088992487e-09
335.33533533533534,246.38240482045032,0.00011568035653341715,1.2764106120578802e-09
336.3363363363364,246.52127151639183,0.00011009341660510608,1.1781811747311668e-09
337.3373373373374,246.82173594570452,0.00010478448378711332,1.0875112333491352e-09
338.33833833833836,247.2660566499824,9.974211090316558e-05,1.0038190257339564e-09
339.33933933933935,247.83025458468845,9.495453388405746e-05,9.26567563591492e-10
340.3403403403404,248.48523944984797,9.040974382078147e-05,8.552611822914261e-10
341.3413413413414,249.19814045725246,8.609558338764888e-05,7.894423779220215e-10
342.34234234234236,249.93384900782812,8.199986308674313e-05,7.28688821034158e-10
343.34334334334335,250.6566450230212,7.811048394076791e-05,6.726107077254045e-10
344.3443443443444,251.33191390333016,7.441556597171589e-05,6.208482298189163e-10
345.3453453453454,251.92784401762003,7.090357326202138e-05,5.730692626728e-10
346.34634634634637,252.4169920549446,6.756342931248445e-05,5.289672478489307e-10
347.34734734734735,252.77765645453545,6.438461982964644e-05,4.88259216151548e-10
348.3483483483484,252.9949384388874,6.135727669325853e-05,4.506839751944852e-10
349.3493493493494,253.06142739298238,5.847224045696064e-05,4.160004316263255e-10
350.35035035035037,252.9774585127739,5.572109872273434e-05,3.8398604908758547e-10
351.35135135135135,252.75092880424708,5.309619984669405e-05,3.544354154199688e-10
352.3523523523524,252.39668764460222,5.059064212112534e-05,3.2715892802157994e-10
353.3533533533534,251.93554794982705,4.819824025921607e-05,3.019815724323286e-10
354.35435435435437,251.39301032065563,4.5913472734936e-05,2.787418044379939e-10
355.3553553553554,250.7977931668565,4.3731414333159225e-05,2.572905161714496e-10
356.3563563563564,250.18023443094552,4.164765687582112e-05,2.3749006457215763e-10
357.3573573573574,249.57074366452105,3.9658226831822015e-05,2.1921340726476288e-10
358.3583583583584,248.99830931602298,3.7759500576299076e-05,2.0234327689698597e-10
359.3593593593594,248.48917254314574,3.5948123943135454e-05,1.8677142979474765e-10
360.3603603603604,248.06571819141539,3.422093914756017e-05,1.7239795410597366e-10
361.3613613613614,247.7455956947924,3.257492085696843e-05,1.591306274026744e-10
362.3623623623624,247.54109442946793,3.100712326092154e-05,1.4688432169386427e-10
363.3633633633634,247.45878968882218,2.9514639652637595e-05,1.3558046159102446e-10
364.3643643643644,247.49943076049306,2.809457334678876e-05,1.25146519014613e-10
365.3653653653654,247.6580734664105,2.6744019674310758e-05,1.1551554739430787e-10
366.3663663663664,247.9244354642145,2.5460057831234264e-05,1.0662575188724506e-10
367.3673673673674,248.2834673848144,2.423975159241246e-05,9.842009340417825e-11
368.3683683683684,248.7161094310809,2.3080156914500175e-05,9.084592238702946e-11
369.3693693693694,249.2002140975447,2.1978335154688123e-05,8.385464112072582e-11
370.3703703703704,249.71160191481732,2.0931370273689232e-05,7.740139186163371e-11
371.3713713713714,250.22521219712516,1.993638862310412e-05,7.144476896783248e-11
372.3723723723724,250.7163029352114,1.899057997411599e-05,6.594655306730216e-11
373.3733733733734,251.16164135779798,1.8091218489720176e-05,6.087146633348779e-11
374.3743743743744,251.54062589360956,1.723568251541755e-05,5.618694596257586e-11
375.3753753753754,251.83628296703074,1.642147229707299e-05,5.186293489796283e-11
376.3763763763764,252.03607141041257,1.564622466998833e-05,4.787168921066222e-11
377.3773773773774,252.13244872651916,1.4907724125184805e-05,4.4187600420454046e-11
378.3783783783784,252.1231698864813,1.4203909908819844e-05,4.0787030112311566e-11
379.37937937937943,252.01128425187306,1.3532878743479755e-05,3.7648159365077615e-11
380.3803803803804,251.80485448103633,1.2892883390029583e-05,3.475084847483544e-11
381.3813813813814,251.5164080167519,1.2282327263080586e-05,3.207650759248429e-11
382.3823823823824,251.16216759829493,1.1699755583527683e-05,2.9607977482543226e-11
383.38338338338343,250.761112997711,1.1143843692493339e-05,2.7329419464479283e-11
384.3843843843844,250.3339395587785,1.0613383357932572e-05,2.5226213651648076e-11
385.3853853853854,249.90196974558899,1.0107267717869171e-05,2.328486548368268e-11
386.38638638638645,249.48609538084366,9.624475964122236e-06,2.1492918766174665e-11
387.38738738738743,249.10578618051665,9.164058234371315e-06,1.9838875916040612e-11
388.3883883883884,248.77821743101518,8.725121464713862e-06,1.8312124186530318e-11
389.3893893893894,248.51754765047886,8.306816693639594e-06,1.6902867565229468e-11
390.39039039039045,248.3343677672881,7.908328175247488e-06,1.560206390939155e-11
391.39139139139144,248.23533245182014,7.528864471830528e-06,1.4401366890418541e-11
392.3923923923924,248.22297853848283,7.167651619502244e-06,1.3293072408936248e-11
393.3933933933934,248.29572752000308,6.823928365996813e-06,1.227006950600757e-11
394.39439439439445,248.44805973755894,6.496943201783032e-06,1.1325794508982501e-11
395.39539539539544,248.67085665891102,6.185953103024079e-06,1.0454188835968572e-11
396.3963963963964,248.95190018424245,5.890223743684162e-06,9.649659797294804e-12
397.3973973973974,249.27648554982736,5.609030871900455e-06,8.907045302746479e-12
398.39839839839846,249.62813674884887,5.341662511909467e-06,8.221580847619994e-12
399.39939939939944,249.98942677860748,5.087421899067147e-06,7.588867958760939e-12
400.40040040040043,250.3427978540153,4.8456306327317805e-06,7.004847112499357e-12
401.4014014014014,250.67141198393472,4.6156320342958215e-06,6.465771090540602e-12
402.40240240240246,250.95995797063287,4.396794365198123e-06,5.968181025636919e-12
403.40340340340344,251.19537521738036,4.188513735149411e-06,5.508884276469511e-12
404.40440440440443,251.3674654033049,3.9902165622406125e-06,5.084933865092388e-12
405.4054054054054,251.46934862069108,3.8013614332272394e-06,4.693609638128202e-12
406.40640640640646,251.49774549294818,3.6214402957789225e-06,4.332400786626583e-12
407.40740740740745,251.45306597909354,3.4499789301729684e-06,3.9989897124186475e-12
408.40840840840843,251.33930179700036,3.286536686873793e-06,3.69123715354114e-12
409.4094094094094,251.16373429793555,3.1307055369957517e-06,3.40716848551541e-12
410.41041041041046,250.93648012505471,2.982108503919628e-06,3.144961053690817e-12
411.41141141141145,250.6699036360637,2.840397576813209e-06,2.902932470644807e-12
412.41241241241244,250.37793218983876,2.705251218258665e-06,2.679529796368098e-12
413.4134134134134,250.0753356824999,2.5763716734742424e-06,2.473319741135088e-12
414.41441441441447,249.77694907687527,2.453481987605544e-06,2.282979063736082e-12
415.41541541541545,249.49698005944305,2.336323253119927e-06,2.107286540652479e-12
416.41641641641644,249.24834057529313,2.224651809099366e-06,1.945114887144503e-12
417.4174174174175,249.0420759723827,2.1182367166150942e-06,1.795423565148276e-12
418.41841841841847,248.8869100810306,2.0168575238311095e-06,1.657252125268987e-12
419.41941941941946,248.78890683709628,1.920302348809601e-06,1.5297140236712578e-12
420.42042042042044,248.75126927243915,1.82836633632723e-06,1.4119909446821648e-12
421.4214214214215,248.77427166490838,1.7408504717669864e-06,1.30332754386588e-12
422.42242242242247,248.85532431999508,1.6575607503322935e-06,1.2030266132924475e-12
423.42342342342346,248.98916308491354,1.578307662788611e-06,1.1104445973427874e-12
424.42442442442444,249.16815364810967,1.502905967721315e-06,1.0249874690799512e-12
425.4254254254255,249.38269688836647,1.4311747021722245e-06,9.461069136678875e-13
426.4264264264265,249.62171587529812,1.3629373823780265e-06,8.732968185304929e-13
427.42742742742746,249.87320074147866,1.2980223401837744e-06,8.06090027801306e-13
428.42842842842845,250.12480594790708,1.2362631626147993e-06,7.440552970269529e-13
429.4294294294295,250.36443580019977,1.1774991611283543e-06,6.867946001927195e-13
430.4304304304305,250.58081766539314,1.1215758463912232e-06,6.339405626330309e-13
431.43143143143146,250.76405455485272,1.0683453849168864e-06,5.851540332602987e-13
432.43243243243245,250.90606181236492,1.0176669585412077e-06,5.401219962785213e-13
433.4334334334335,251.00094200177764,9.694070575479008e-07,4.985555078481875e-13
434.4344344344345,251.04522632172709,9.234396511222722e-07,4.601878739878822e-13
435.43543543543547,251.03799776562832,8.796462427188986e-07,4.247729200508187e-13
436.43643643643645,250.98087758291635,8.379158016120315e-07,3.9208341973372266e-13
437.4374374374375,250.8778831267082,7.981445729865867e-07,3.619096301603441e-13
438.4384384384385,250.7351623102104,7.602357767621868e-07,3.340579418232627e-13
439.43943943943947,250.56063338280597,7.240992155494943e-07,3.08349648165515e-13
440.44044044044045,250.36354809889124,6.896508112247146e-07,2.846198015759968e-13
441.4414414414415,250.15399820844166,6.568120838951181e-07,2.6271614821446437e-13
442.4424424424425,249.9423955218199,6.255096005984111e-07,2.424981478511092e-13
443.44344344344347,249.738964707991,5.956744266182453e-07,2.2383608325447243e-13
444.44444444444446,249.55324382468473,5.672415677538803e-07,2.0661020185300403e-13
445.4454454454455,249.39366568875997,5.401494797604062e-07,1.9070998233884988e-13
446.4464464464465,249.26718460612616,5.143395944242905e-07,1.7603340515853483e-13
447.4474474474475,249.1789931407712,4.897559135726208e-07,1.6248630210723305e-13
448.4484484484485,249.1323266694385,4.6634466254706835e-07,1.4998175122504584e-13
449.4494494494495,249.12836751163013,4.440540112551967e-07,1.3843952017498566e-13
450.4504504504505,249.16624380289556,4.228338583547631e-07,1.2778555117808062e-13
451.4514514514515,249.24312224951467,4.026356763311088e-07,1.1795148573575261e-13
452.4524524524525,249.3543872600966,3.834124120864467e-07,1.0887422606745744e-13
453.4534534534535,249.4938980463734,3.651184352324109e-07,1.0049553028604183e-13
454.4544544544545,249.6543084876763,3.4770952479691644e-07,9.276163767001616e-14
455.4554554554555,249.8274438969971,3.3114289049576816e-07,8.562292641678689e-14
456.4564564564565,250.00470303709724,3.1537721166859635e-07,7.903359348746388e-14
457.4574574574575,250.17747624043713,3.003726896315813e-07,7.295135981776933e-14
458.4584584584585,250.33755956342247,2.860911064079743e-07,6.733720007358043e-14
459.4594594594595,250.47754039826154,2.7249588083583424e-07,6.215509248554282e-14
460.4604604604605,250.59114569058897,2.595521168954413e-07,5.737178732117709e-14
461.4614614614615,250.67352093811235,2.472266377428544e-07,5.295659374156698e-14
462.4624624624625,250.72143857740625,2.3548800304385906e-07,4.8881182768659545e-14
463.4634634634635,250.73341968759007,2.2430650660203e-07,4.5119405372473085e-14
464.4644644644645,250.70976646042052,2.1365415368531222e-07,4.1647124040388673e-14
465.4654654654655,250.6525052380805,2.0350461876392214e-07,3.844206064412889e-14
466.4664664664665,250.56524489553442,1.93833183029171e-07,3.548365152145821e-14
467.4674674674675,250.45295702883806,1.846166553890781e-07,3.275291462173982e-14
468.46846846846853,250.32169963226826,1.7583328146462158e-07,3.023232964986698e-14
469.4694694694695,250.17828046453764,1.674626385185906e-07,2.790572271048982e-14
470.4704704704705,250.02991368657993,1.5948552917798752e-07,2.5758165367991355e-14
471.4714714714715,249.88386253607214,1.5188387196335711e-07,2.3775879376355255e-14
472.47247247247253,249.74708371848635,1.4464059042112435e-07,2.1946146285559844e-14
473.4734734734735,249.6258912952063,1.3773950540710036e-07,2.0257223963337947e-14
474.4744744744745,249.52569525707412,1.3116524485907027e-07,1.8698277254069378e-14
475.4754754754755,249.45075695987634,1.2490315070250798e-07,1.725930323586136e-14
476.47647647647653,249.40402150087337,1.1893920419143265e-07,1.593106917286639e-14
477.4774774774775,249.38701573461577,1.1325996023737571e-07,1.4705052772228722e-14
478.4784784784785,249.3998123764372,1.0785249431532325e-07,1.35733876205951e-14
479.4794794794795,249.44106243501204,1.0270436024586821e-07,1.2528812569703005e-14
480.48048048048054,249.5080984467079,9.780356006489919e-08,1.156462552777933e-14
481.4814814814815,249.59708700618222,9.313852128169413e-08,1.0674640000282462e-14
482.4824824824825,249.70323838330842,8.869808375493217e-08,9.853145598975267e-15
483.48348348348355,249.82105405928888,8.447149274494098e-08,9.094871415507162e-15
484.48448448448454,249.9446048650214,8.044839685251606e-08,8.394952172954881e-15
485.4854854854855,250.06782225365208,7.66188493895532e-08,7.748897017646225e-15
486.4864864864865,250.1847925443142,7.297331158770112e-08,7.15256070002773e-15
487.48748748748756,250.29003778822846,6.950265633126293e-08,6.602116978837771e-15
488.48848848848854,250.37877079162564,6.619817112300662e-08,6.09403406562268e-15
489.48948948948953,250.44711304294086,6.305155947900353e-08,5.625051978222221e-15
490.4904904904905,250.49226477386182,6.005493992464231e-08,5.192161638592876e-15
491.49149149149156,250.5126105946445,5.720084126328654e-08,4.7925854838604605e-15
492.49249249249254,250.50777850087843,5.448219577954453e-08,4.423759739599007e-15
493.49349349349353,250.47862313452634,5.1892328069061386e-08,4.083317925299261e-15
494.4944944944945,250.42715329052345,4.942494111889239e-08,3.769075685295584e-15
495.49549549549556,250.35641134302674,4.707409960521146e-08,3.4790167658419336e-15
496.49649649649655,250.27029240349165,4.4834210460246956e-08,3.2112800765942713e-15
497.49749749749753,250.17333109897106,4.270000178151063e-08,2.964147753728406e-15
498.4984984984985,250.07047081501568,4.0666500649867595e-08,2.7360341347500376e-15
499.49949949949956,249.96680732375762,3.872901029034874e-08,2.5254755867504474e-15
500.50050050050055,249.8673402592055,3.688308741548281e-08,2.3311211126689114e-15
501.50150150150154,249.77673872911922,3.512452031558039e-08,2.151723687422623e-15
502.5025025025025,249.6991235716008,3.344930808979274e-08,1.9861322528295527e-15
503.50350350350357,249.63788673047088,3.185364155469654e-08,1.833284333174919e-15
504.50450450450455,249.59554943929834,3.0333886056796255e-08,1.6921992138094737e-15
505.50550550550554,249.57366578073606,2.8886566433993394e-08,1.561971661396715e-15
506.5065065065065,249.57277400907952,2.750835411138412e-08,1.4417661064654634e-15
507.50750750750757,249.5923969778481,2.61960563765101e-08,1.3308112802480991e-15
508.50850850850856,249.63109014176447,2.4946607723404213e-08,1.2283952680989887e-15
509.50950950950954,249.68653353229337,2.3757063073240427e-08,1.1338609438181606e-15
510.5105105105105,249.75566281316878,2.262459263849903e-08,1.0466017494879498e-15
511.51151151151157,249.83483202395104,2.154647819203445e-08,9.660578150517364e-16
512.5125125125126,249.9199992484128,2.0520110405085076e-08,8.917123648429946e-16
513.5135135135135,250.00693263960548,1.9542986998578637e-08,8.230883472026394e-16
514.5145145145145,250.09141336296273,1.8612711526076245e-08,7.597454670845975e-16
515.5155155155155,250.16943910919204,1.7726992320828057e-08,7.012773007558131e-16
516.5165165165166,250.2374128135432,1.688364153309726e-08,6.473086993400835e-16
517.5175175175176,250.2923058530267,1.608057402290657e-08,5.974933898036797e-16
518.5185185185186,250.3317929521085,1.5315805923048656e-08,5.515117337996718e-16
519.5195195195196,250.35434690491198,1.4587452835502106e-08,5.090687150292773e-16
520.5205205205206,250.35929597987337,1.3893727452580721e-08,4.698920060904726e-16
521.5215215215215,250.34683539883366,1.3232936729164163e-08,4.3373024211436644e-16
522.5225225225225,250.31799783531642,1.2603478537724226e-08,4.0035141420968106e-16
523.5235235235235,250.2745799438263,1.200383771262547e-08,3.6954133930969e-16
524.5245245245246,250.21903680985025,1.143258189722896e-08,3.4110233072601293e-16
525.5255255255256,250.1543464865903,1.0888356967661413e-08,3.1485191902836833e-16
526.5265265265266,250.08385179261694,1.036988224515493e-08,2.9062167575139e-16
527.5275275275276,250.01108786343215,9.875945599568348e-09,2.682561281826346e-16
528.5285285285286,249.93960888440162,9.40539866469863e-09,2.4761177714095284e-16
529.5295295295296,249.87282352470748,8.957152262652707e-09,2.2855620201166227e-16
530.5305305305305,249.8138086224547,8.530171156066955e-09,2.109670641551653e-16
531.5315315315315,249.7652057326882,8.123470860851163e-09,1.9473155412673066e-16
532.5325325325326,249.72908192830525,7.736112986961645e-09,1.7974548681891908e-16
533.5335335335336,249.70685858356106,7.367202063214867e-09,1.6591271090223215e-16
534.5345345345346,249.699253898193,7.015882364948288e-09,1.5314447203665214e-16
535.5355355355356,249.706270097482,6.681335242715938e-09,1.4135884566117e-16
536.5365365365366,249.72720965171055,6.362776852119549e-09,1.3048021244369132e-16
537.5375375375376,249.7607251735509,6.059456224437326e-09,1.2043877059626403e-16
538.5385385385385,249.80490287612966,5.770653757234687e-09,1.1117009455599836e-16
539.5395395395395,249.8573633604088,5.495679869477619e-09,1.0261471365092102e-16
540.5405405405406,249.91538801763593,5.233873995503427e-09,9.471773417200786e-17
541.5415415415416,249.97605597980973,4.98460373589313e-09,8.742848706713942e-17
542.5425425425426,250.03638897259526,4.747264151270803e-09,8.070020272677559e-17
543.5435435435436,250.09349610920415,4.521277147692673e-09,7.448971086992944e-17
544.5445445445446,250.14471049745882,4.306090906998247e-09,6.875716346110402e-17
545.5455455455456,250.18771193648465,4.101179320506077e-09,6.346577904949778e-17
546.5465465465466,250.22063170181886,3.906041409682493e-09,5.858160678157433e-17
547.5475475475477,250.24213202303187,3.7202006892547045e-09,5.4073308543757196e-17
548.5485485485486,250.25145806935066,3.5432044693567965e-09,4.991195800839917e-17
549.5495495495496,250.24845848577286,3.374623077000518e-09,4.607085585310463e-17
550.5505505505506,250.2335867893417,3.214049029589898e-09,4.2525354187038084e-17
551.5515515515516,250.2078518038529,3.0610960817973688e-09,3.9252705331818806e-17
552.5525525525526,250.17276283092207,2.915398259866421e-09,3.623191175765165e-17
553.5535535535536,250.13024135012645,2.7766088205136524e-09,3.344359171030366e-17
554.5545545545546,250.08251757442565,2.644399197992594e-09,3.086985398234692e-17
555.5555555555557,250.03201615781126,2.5184579131874052e-09,2.8494184764096145e-17
556.5565565565566,249.98123499317836,2.398489498391783e-09,2.6301341383171362e-17
557.5575575575576,249.93261986453024,2.2842134562987043e-09,2.427725391485874e-17
558.5585585585586,249.88845167055723,2.175363239986639e-09,2.2408935270303846e-17
559.5595595595596,249.8507393670474,2.0716852932136672e-09,2.0684397908181988e-17
560.5605605605606,249.82113057902126,1.972938165514549e-09,1.909257678709137e-17
561.5615615615616,249.80084404448593,1.8788916857309206e-09,1.7623258310512834e-17
562.5625625625626,249.7906213015418,1.7893262228617465e-09,1.6267015076037965e-17
563.5635635635637,249.79070212680895,1.7040320250566887e-09,1.5015145068316058e-17
564.5645645645646,249.8008286515554,1.6228086355562448e-09,1.3859615952606868e-17
565.5655655655656,249.8202675023891,1.545464386774115e-09,1.2793013582595327e-17
566.5665665665666,249.84785703235852,1.4718159577181728e-09,1.1808494338391775e-17
567.5675675675676,249.88207381717305,1.4016879975907812e-09,1.0899741113173724e-17
568.5685685685686,249.92111210444338,1.334912807282049e-09,1.0060923690280694e-17
569.5695695695696,249.96298104786365,1.2713300431387645e-09,9.28665938643932e-18
570.5705705705706,250.0056004779165,1.210786486554947e-09,8.571980577465376e-18
571.5715715715717,250.04690488111572,1.1531358118917664e-09,7.912301596543057e-18
572.5725725725727,250.08493964382507,1.0982383885590822e-09,7.303390262919802e-18
573.5735735735736,250.1179576415601,1.0459610737155185e-09,6.741339100301178e-18
574.5745745745746,250.14449347097172,9.961770320862676e-10,6.222542015293055e-18
575.5755755755756,250.16342977181878,9.487655344147413e-10,5.7436702976952344e-18
576.5765765765766,250.17404194164405,9.036117572018258e-10,5.301651393644365e-18
577.5775775775776,250.17602383297125,8.6060657341203e-10,4.893649235347782e-18
578.5785785785787,250.16949367011344,8.196463342610408e-10,4.5170459238968326e-18
579.5795795795797,250.15497647376574,7.806326403569873e-10,4.16942508428352e-18
580.5805805805807,250.13336913473398,7.434721051967649e-10,3.8485562887817725e-18
581.5815815815816,250.1058870952889,7.080761121643505e-10,3.552380771881106e-18
582.5825825825826,250.0739983006122,6.743605677587532e-10,3.278998202987417e-18
583.5835835835836,250.0393458463336,6.422456539073462e-10,3.0266544969898594e-18
584.5845845845846,250.0036641810043,6.116555824744234e-10,2.79373059833872e-18
585.5855855855856,249.96869432225475,5.825183544110781e-10,2.5787319197190614e-18
586.5865865865867,249.9360979445774,5.547655283007939e-10,2.380279007037612e-18
587.5875875875877,249.90738145230029,5.283319991258131e-10,2.1970985564091338e-18
588.5885885885887,249.88382707712398,5.031557891347158e-10,2.028015236824015e-18
589.5895895895897,249.8664362792123,4.791778529668654e-10,1.8719441428704126e-18
590.5905905905906,249.85589036384332,4.563419002688591e-10,1.7278838837282812e-18
591.5915915915916,249.85252568402143,4.345942333422407e-10,1.5949101660722134e-18
592.5925925925926,249.85632403769833,4.138835965597825e-10,1.4721697435006864e-18
593.5935935935936,249.8669278551487,3.9416105024277217e-10,1.3588751259311651e-18
594.5945945945947,249.8836606817056,3.753798486169523e-10,1.2542993686740149e-18
595.5955955955957,249.90556855776268,3.574953378584101e-10,1.1577715042901638e-18
596.5965965965967,249.93147238039504,3.404648624331223e-10,1.0686721999925039e-18
597.5975975975977,249.96003054849115,3.2424768166887106e-10,9.86429756945453e-19
598.5985985985986,249.9898057458339,3.088048968500169e-10,9.105165269027373e-19
599.5995995995996,250.0193375907886,2.9409938071023167e-10,8.404454114259368e-19
600.6006006006006,250.0472137928777,2.800957150258307e-10,7.757667752342776e-19
601.6016016016016,250.07213512216322,2.6676013261826536e-10,7.160656497091013e-19
602.6026026026027,250.0929759368977,2.540604579479655e-10,6.609589774911926e-19
603.6036036036037,250.10883454298116,2.4196605105497424e-10,6.100931775922569e-19
604.6046046046047,250.1190709608089,2.304477514014099e-10,5.631418783951058e-19
605.6056056056057,250.1233311353598,2.1947782181177813e-10,5.198038357326635e-19
606.6066066066066,250.12155796551608,2.0902989287411602e-10,4.798010138232574e-19
607.6076076076076,250.11398683322398,1.9907890577507923e-10,4.428768051505021e-19
608.6086086086086,250.10112395461314,1.8960104160982267e-10,4.0879419513105313e-19
609.6096096096097,250.08371627985778,1.8057366671367296e-10,3.7733431962338317e-19
610.6106106106107,250.06271508634538,1.7197529854927905e-10,3.482954581996862e-19
611.6116116116117,250.03922147089582,1.637855322752388e-10,3.2149146613301973e-19
612.6126126126127,250.01442620911092,1.5598496024175057e-10,2.9675024218559544e-19
613.6136136136137,249.9895527152352,1.4855514124677365e-10,2.7391303959372506e-19
614.6146146146147,249.9657963093806,1.4147853809703897e-10,2.5283331326466316e-19
615.6156156156156,249.94427779692097,1.3473847433199093e-10,2.3337593061418193e-19
616.6166166166166,249.92597121670426,1.2831906463986893e-10,2.1541593728479596e-19
617.6176176176177,249.9116717637105,1.2220518331929795e-10,1.9883804920499153e-19
618.6186186186187,249.90196871313432,1.1638242304410173e-10,1.835359552368353e-19
619.6196196196197,249.89721190926096,1.1083705197854662e-10,1.6941153027756908e-19
620.6206206206207,249.89750903859644,1.0555596469388384e-10,1.5637408665824085e-19
621.6216216216217,249.9027231886351,1.005266587017916e-10,1.4433991661304923e-19
622.6226226226227,249.9124828908037,9.573720848706041e-11,1.33231812053663e-19
623.6236236236236,249.92620546501118,9.117624073798145e-11,1.2297859751462248e-19
624.6246246246246,249.94313402210983,8.683289053813512e-11,1.1351445467339236e-19
625.6256256256257,249.96237709872625,8.269679043007681e-11,1.0477864923449667e-19
626.6266266266267,249.9829548232412,7.875804850903491e-11,9.671512579709369e-20
627.6276276276277,250.00384497507451,7.500722920539575e-11,8.927215792495456e-20
628.6286286286287,250.02403014037705,7.143533592258902e-11,8.240203028618442e-20
629.6296296296297,250.04256362730882,6.803378572378927e-11,7.606057713555439e-20
630.6306306306307,250.05859273310483,6.479440581700653e-11,7.020714240335631e-20
631.6316316316316,250.07140921557425,6.170941022616463e-11,6.480417311613041e-20
632.6326326326326,250.08047844328553,5.877138595158412e-11,5.981700311870366e-20
633.6336336336337,250.08545577339677,5.5973277247117455e-11,5.521362509057021e-20
634.6346346346347,250.08620063578067,5.330837424974944e-11,5.0964529867975905e-20
635.6356356356357,250.0827857293031,5.077029096032435e-11,4.704242348994115e-20
636.6366366366367,250.07547724301725,4.8352957855317304e-11,4.3422150143430954e-20
637.6376376376377,250.06472187411643,4.605060386652828e-11,4.0080482281234874e-20
638.6386386386387,250.0511218419799,4.385774270622748e-11,3.6995981110378467e-20
639.6396396396397,250.03540149155182,4.176915838196044e-11,3.414885596258511e-20
640.6406406406406,250.01836915577098,3.977989146732196e-11,3.152083889022069e-20
641.6416416416417,250.00087608819157,3.788522562133931e-11,2.909506786748316e-20
642.6426426426427,249.98377491808577,3.6080674673896963e-11,2.685597969824263e-20
643.6436436436437,249.96787628402578,3.436196936489647e-11,2.4789204374183705e-20
644.6446446446447,249.9539156869323,3.272504687811008e-11,2.2881484648035746e-20
645.6456456456457,249.94251563870995,3.116603836981625e-11,2.112058133631494e-20
646.6466466466467,249.9341644144665,2.9681259402710165e-11,1.949520272199009e-20
647.6476476476477,249.92917876205684,2.8267195654706e-11,1.799489804784779e-20
648.6486486486488,249.9277180884081,2.6920501395268648e-11,1.6610053675542373e-20
649.6496496496497,249.92976531302946,2.563798531807318e-11,1.533178320729186e-20
650.6506506506507,249.93513950655162,2.441660103793441e-11,1.4151870746362248e-20
651.6516516516517,249.94348997320006,2.3253456194367387e-11,1.3062789876080725e-20
652.6526526526527,249.9543513754398,2.2145773496107322e-11,1.2057512597477545e-20
653.6536536536537,249.9671379658656,2.1090915111851883e-11,1.1129599226492017e-20
654.6546546546547,249.9811884261883,2.008636284752286e-11,1.0273095400731343e-20
655.6556556556557,249.9957966992755,1.9129715657355877e-11,9.482505840096731e-21
656.6566566566568,250.010247270862,1.8218684418681428e-11,8.752758034833438e-21
657.6576576576578,250.02384966365685,1.7351087206244084e-11,8.079169588927365e-21
658.6586586586587,250.03597099974868,1.652484493231448e-11,7.45741851870535e-21
659.6596596596597,250.04606518671156,1.5737977170632006e-11,6.88351577314538e-21
660.6606606606607,250.0536970008544,1.498859792115852e-11,6.353779184670183e-21
661.6616616616617,250.05855938243752,1.4274910675884228e-11,5.864806661924425e-21
662.6626626626627,250.06048586077435,1.3595206596460154e-11,5.413461845804856e-21
663.6636636636637,250.05945771162442,1.2947861180505813e-11,4.996854332483685e-21
664.6646646646648,250.05559724109094,1.2331326396185508e-11,4.612308029793044e-21
665.6656656656658,250.04915988389283,1.174413034923506e-11,4.2573552020391576e-21
666.6666666666667,250.0405199985405,1.1184873680894245e-11,3.92971998950414e-21
667.6676676676677,250.03014723913302,1.0652224588626433e-11,3.6272995085731346e-21
668.6686686686687,250.01858221812074,1.0144916119361787e-11,3.3481525183654524e-21
669.6696696696697,250.00641015779215,9.661743706847166e-12,3.0904890001757107e-21
670.6706706706707,249.9942306052654,9.201560042179933e-12,2.852653961808217e-21
671.6716716716717,249.98262903925703,8.763274203595603e-12,2.6331219800115343e-21
672.6726726726728,249.9721490971077,8.345847273824791e-12,2.430483975368053e-21
673.6736736736738,249.96326605534765,7.948290684335855e-12,2.2434406049955353e-21
674.6746746746747,249.95636519078587,7.56966321888517e-12,2.070793016384289e-21
675.6756756756757,249.9517303237641,7.209066893090004e-12,1.9114318093874067e-21
676.6766766766767,249.94952865399281,6.865646748102731e-12,1.7643343699916694e-21
677.6776776776777,249.94980985081693,6.538586804260232e-12,1.6285544264835838e-21
678.6786786786787,249.95249564701294,6.2271119656481044e-12,1.5032238405583064e-21
679.6796796796798,249.95739753971472,5.930482287413496e-12,1.3875391700453563e-21
680.6806806806808,249.96422480764332,5.647991673051592e-12,1.2807573908329484e-21
681.6816816816818,249.9726023301984,5.378967216880085e-12,1.182193270245473e-21
682.6826826826828,249.9820898299976,5.122767453873146e-12,1.0912143729475349e-21
683.6836836836837,249.99220455951988,4.878780900481133e-12,1.0072369232158957e-21
684.6846846846847,250.00244476827896,4.646424764592035e-12,9.297221809031014e-22
685.6856856856857,250.01231479697807,4.425143632292376e-12,8.58172810985101e-22
686.6866866866867,250.02134896876493,4.214408301285934e-12,7.921297626675777e-22
687.6876876876878,250.02913394721438,4.013714614902618e-12,7.3116924384563615e-22
688.6886886886888,250.03532640871006,3.822582408953261e-12,6.749000924212647e-22
689.6896896896898,250.03966670831062,3.640554531468547e-12,6.229614323153417e-22
690.6906906906908,250.04199273660893,3.4671956912985943e-12,5.750199709351955e-22
691.6916916916917,250.04224245726914,3.3020914945991053e-12,5.307679607912202e-22
692.6926926926927,250.04045596588367,3.1448475609349295e-12,4.899213641085815e-22
693.6936936936937,250.0367703712859,2.9950886716996487e-12,4.522182103039043e-22
694.6946946946947,250.03140942760737,2.852457745285055e-12,4.1741660597053796e-22
695.6956956956958,250.02467201191678,2.716614998894431e-12,3.8529325598530556e-22
696.6966966966968,250.0169161526903,2.587237105944194e-12,3.556420312051115e-22
697.6976976976978,250.00853973538236,2.4640163905171685e-12,3.282726918006525e-22
698.6986986986988,249.9999605479113,2.3466600384957777e-12,3.030096379467828e-22
699.6996996996997,249.9915960963405,2.234889337302366e-12,2.79690761857798e-22
700.7007007007007,249.98384276960223,2.1284389660427616e-12,2.5816644675629814e-22
701.7017017017017,249.97705806225994,2.027056309270912e-12,2.3829859490826325e-22
702.7027027027027,249.97154376241883,1.9305007966588866e-12,2.1995972160811885e-22
703.7037037037038,249.9675331057677,1.8385432971927326e-12,2.0303216097847814e-22
704.7047047047048,249.96518150144087,1.7509655087153484e-12,1.8740726815833351e-22
705.7057057057058,249.96456139718518,1.6675595558552878e-12,1.7298490228171047e-22
706.7067067067068,249.96565838216816,1.5881271785900489e-12,1.5967240588565771e-22
707.7077077077078,249.96837752824956,1.5124795605781123e-12,1.4738440459650226e-22
708.7087087087087,249.97254858542007,1.4404367353620427e-12,1.3604206555510976e-22
709.7097097097097,249.9779347128723,1.371827296905258e-12,1.2557269865050803e-22
710.7107107107108,249.9842481539833,1.3064876637371026e-12,1.159090549944519e-22
711.7117117117118,249.9911633867216,1.2442619728767337e-12,1.06989087692806e-22
712.7127127127128,249.99833346103125,1.1850018392547223e-12,9.87556186372014e-23
713.7137137137138,250.00540797741522,1.1285656997130538e-12,9.115576017880647e-23
714.7147147147148,250.012049337064,1.0748187742520471e-12,8.414075588227092e-23
715.7157157157158,250.0179489823033,1.0236326672614544e-12,7.766559917971683e-23
716.7167167167167,250.0228395037671,9.748849167231072e-13,7.168865711277195e-23
717.7177177177177,250.02651191896908,9.28459249474253e-13,6.617169105481105e-23
718.7187187187188,250.0288198159708,8.842447310414897e-13,6.107928032631814e-23
719.7197197197198,250.02968514896585,8.42135738641302e-13,5.637873545794063e-23
720.7207207207208,250.0291016808661,8.020318076373e-13,5.2039925943556524e-23
721.7217217217218,250.0271339373135,7.638373318715619e-13,4.8035050086832007e-23
722.7227227227228,250.02391056311274,7.274611848339388e-13,4.4338378599840174e-23
723.7237237237238,250.0196176319602,6.92816685586367e-13,4.092619313390622e-23
724.7247247247248,250.01448858995388,6.598213706799245e-13,3.777661673385509e-23
725.7257257257257,250.0087906318146,6.283966975831573e-13,3.486943142624983e-23
726.7267267267268,250.00281103007032,5.98467900582104e-13,3.218597416539054e-23
727.7277277277278,249.99684408048688,5.699638282346467e-13,2.97090281308788e-23
728.7287287287288,249.99117615174046,5.428167427909669e-13,2.742270177440581e-23
729.7297297297298,249.9860721404907,5.169621454457944e-13,2.5312325483918073e-23
730.7307307307308,249.98176336916757,4.923386126644446e-13,2.3364357252378096e-23
731.7317317317318,249.97843736403695,4.688876314545237e-13,2.1566291763673235e-23
732.7327327327328,249.97622990357672,4.4655348685099517e-13,1.990659344585248e-23
733.7337337337337,249.97521907260588,4.2528314367783e-13,1.8374628002646556e-23
734.7347347347348,249.97542382521974,4.0502602222117046e-13,1.696055980485968e-23
735.7357357357358,249.97680433252523,3.857339432415788e-13,1.5655314786360764e-23
736.7367367367368,249.97926488791444,3.6736101471744276e-13,1.4450521981506113e-23
737.7377377377378,249.9826607169814,3.498634924377798e-13,1.3338448936134203e-23
738.7387387387388,249.98680582397103,3.3319969278466993e-13,1.2311958330988737e-23
739.7397397397398,249.99148264081484,3.173299017275231e-13,1.1364463382815281e-23
740.7407407407408,249.99645335170254,3.0221628217802957e-13,1.0489884945033115e-23
741.7417417417419,250.00147189542324,2.878227863956115e-13,9.682612043981479e-24
742.7427427427428,250.0062960081262,2.741150711270919e-13,8.937465082776986e-24
743.7437437437438,250.01069861855242,2.6106041644878514e-13,8.249661902483911e-24
744.7447447447448,250.0144785671479,2.4862766415723736e-13,7.614790084327916e-24
745.7457457457458,250.01747104725865,2.367871807336793e-13,7.028785646334362e-24
746.7467467467468,250.01955109860654,2.255106661861051e-13,6.4878795202831924e-24
747.7477477477478,250.0206408265348,2.1477120007260533e-13,5.988599062659891e-24
748.7487487487488,250.02071199745072,2.045431620710262e-13,5.527741390963251e-24
749.7497497497499,250.01978423893988,1.948021125385657e-13,5.102340454884787e-24
750.7507507507509,250.01792704599572,1.8552483839321548e-13,4.709669307164827e-24
751.7517517517518,250.01525326929146,1.7668927328486613e-13,4.347217531706275e-24
752.7527527527528,250.01191240287343,1.6827440064818286e-13,4.012665687990539e-24
753.7537537537538,250.00808208842565,1.6026015445617612e-13,3.7038600420655866e-24
754.7547547547548,250.00395816918746,1.5262746059134269e-13,3.4188191223758256e-24
755.7557557557558,249.99974547200776,1.453581588153097e-13,3.1557138015578363e-24
756.7567567567568,249.99564985609445,1.384349656151984e-13,2.9128574813741686e-24
757.7577577577579,249.99186451389525,1.318414159504509e-13,2.6886911276343087e-24
758.7587587587589,249.98856548376065,1.2556183982224292e-13,2.4817780204599653e-24
759.7597597597598,249.98589773183852,1.1958129614573878e-13,2.2907871402612654e-24
760.7607607607608,249.98397443725915,1.138855687359996e-13,2.1144938684269236e-24
761.7617617617618,249.98286847217477,1.0846111549624415e-13,1.951767528111835e-24
762.7627627627628,249.982613108167,1.0329503640241235e-13,1.8015643609784707e-24
763.7637637637638,249.98319916151175,9.837504124292499e-14,1.6629204958533656e-24
764.7647647647648,249.98457788449107,9.36894208149851e-14,1.5349460862549831e-24
765.7657657657659,249.98666363780936,8.922702366664033e-14,1.4168206420975527e-24
766.7667667667669,249.98933775711353,8.497721950512922e-14,1.3077855613908352e-24
767.7677677677679,249.99245778096088,8.092988524707374e-14,1.2071415543174851e-24
768.7687687687688,249.99586309889557,7.707537695758904e-14,1.1142430152543102e-24
769.7697697697698,249.9993831852524,7.340451090943073e-14,1.0284943923110716e-24
770.7707707707708,250.00284626535355,6.990852668406667e-14,9.49344722851686e-25
771.7717717717718,250.00608733937824,6.657908509849936e-14,8.762860489124967e-25
772.7727727727729,250.0089558499278,6.340824210519868e-14,8.08849422271367e-25
773.7737737737739,250.0113233030818,6.03884381590564e-14,7.46602581492981e-25
774.7747747747749,250.01309006646898,5.751248669661051e-14,6.891476145025289e-25
775.7757757757759,250.0141847152055,5.477350770223634e-14,6.361139795834689e-25
776.7767767767768,250.01457103855236,5.216496992291087e-14,5.871614985999886e-25
777.7777777777778,250.01424773617015,4.968065504612878e-14,5.419762176422611e-25
778.7787787787788,250.0132465854805,4.7314631986238904e-14,5.002674637442051e-25
779.7797797797798,250.01163098019975,4.5061251928397325e-14,4.617666735195369e-25
780.7807807807809,250.0094975669921,4.2915177031987394e-14,4.262296839835097e-25
781.7817817817819,250.00695886241505,4.0871289205743086e-14,3.934277882647563e-25
782.7827827827829,250.00414757048307,3.892472261710389e-14,3.631504448667033e-25
783.7837837837839,250.00120743488077,3.707084180166579e-14,3.352031509654427e-25
784.7847847847848,249.99828185675022,3.5305235314319895e-14,3.094066373521768e-25
785.7857857857858,249.99551115783206,3.362370228532344e-14,2.8559537260412674e-25
786.7867867867868,249.99302443915053,3.2022241855185666e-14,2.636165071319696e-25
787.7877877877878,249.9909350507851,3.049704617283328e-14,2.433291786189268e-25
788.7887887887889,249.989333103648,2.904448619821107e-14,2.2460312577301753e-25
789.7897897897899,249.98828429806807,2.7661108081354517e-14,2.0731834404942013e-25
790.7907907907909,249.98782591296293,2.6343619776619377e-14,1.9136385096019234e-25
791.7917917917919,249.98796356080487,2.5088883318936028e-14,1.7663696073496981e-25
792.7927927927929,249.9886766402963,2.3893914354816823e-14,1.6304341381209732e-25
793.7937937937938,249.98991588042858,2.2755868000678797e-14,1.5049599249882022e-25
794.7947947947948,249.9916084922478,2.167203432676064e-14,1.3891419666536494e-25
795.7957957957958,249.99366206656998,2.0639831829906057e-14,1.2822372026426423e-25
796.7967967967969,249.99596905916871,1.9656801149469067e-14,1.1835594323419744e-25
797.7977977977979,249.99841263267967,1.8720599836840613e-14,1.092475694925736e-25
798.7987987987989,250.000871505129,1.782899629397077e-14,1.0084014639039099e-25
799.7997997997999,250.00322740626578,1.6979865195209822e-14,9.30797487841315e-26
800.8008008008009,250.0053697052127,1.617118188059579e-14,8.591656205608044e-26
801.8018018018018,250.00720057979697,1.5401018338694927e-14,7.930464390013797e-26
802.8028028028028,250.00863985357353,1.466753807069021e-14,7.320155412644625e-26
803.8038038038039,250.00962797147665,1.3968992427641168e-14,6.756814953954114e-26
804.8048048048049,250.01012959592398,1.3303715847297161e-14,6.236826773251739e-26
805.8058058058059,250.0101321182862,1.267012261159516e-14,5.756855673475449e-26
806.8068068068069,250.00964785159894,1.2066702960359189e-14,5.31382295916139e-26
807.8078078078079,250.00871209835856,1.1492019070788693e-14,4.904886084290324e-26
808.8088088088089,250.0073806887319,1.094470118916546e-14,4.5274189815435615e-26
809.8098098098098,250.00572708858874,1.0423445476616362e-14,4.178998598803881e-26
810.8108108108108,250.00383848696825,9.92700941263405e-15,3.857386499028669e-26
811.8118118118119,250.00181184441055,9.454213574055689e-15,3.560527518948948e-26
812.8128128128129,249.99974774560212,9.003932443922218e-15,3.2865162172151033e-26
813.8138138138139,249.99774723536737,8.575093783163576e-15,3.0335929261638603e-26
814.8148148148149,249.99590446207947,8.166676788886299e-15,2.8001337420261344e-26
815.8158158158159,249.99430397889256,7.777709461776414e-15,2.5846404509868614e-26
816.8168168168169,249.9930172955511,7.40726656109731e-15,2.3857319595673082e-26
817.8178178178179,249.99209805656076,7.0544662441674065e-15,2.2021307340475574e-26
818.8188188188188,249.99158158229815,6.718468907930266e-15,2.032658815756515e-26
819.8198198198199,249.99148333791948,6.398474127529082e-15,1.8762275589365753e-26
820.8208208208209,249.9917961237295,6.093722784302528e-15,1.7318386856686983e-26
821.8218218218219,249.9924957305858,5.803487435829777e-15,1.598561858181879e-26
822.8228228228229,249.99353855023134,5.527077229856593e-15,1.4755420847937515e-26
823.8238238238239,249.99486588886577,5.263830918867478e-15,1.3619864277556643e-26
824.8248248248249,249.996405977336,5.013114619293621e-15,1.2571587962076188e-26
825.8258258258259,249.9980791852926,4.774333142899699e-15,1.1603902296918665e-26
826.8268268268268,249.99980771262457,4.546957694870491e-15,1.071104773130354e-26
827.827827827828,250.0015048276911,4.3304240968163395e-15,9.887030938657181e-27
828.8288288288289,250.00308716690532,4.1241854264387794e-15,9.126219281914835e-27
829.8298298298299,250.00448391371444,3.927768099210191e-15,8.423916050671381e-27
830.8308308308309,250.00563210261882,3.740707261928001e-15,7.775677774364219e-27
831.8318318318319,250.00648247687894,3.562556246220177e-15,7.177332021011511e-27
832.8328328328329,250.00699936869165,3.3928876875128003e-15,6.624997559789747e-27
833.8338338338339,250.00716619888416,3.231299116540515e-15,6.115161409868908e-27
834.834834834835,250.00698449907645,3.077406216412061e-15,5.644562529459624e-27
835.835835835836,250.0064716339596,2.930842173025202e-15,5.210179058055351e-27
836.8368368368369,250.00565992017434,2.791257492169596e-15,4.80921888648811e-27
837.8378378378379,250.00459499502213,2.65831927607141e-15,4.43910191282044e-27
838.8388388388389,250.00333619212395,2.5317117168208925e-15,4.09747046235405e-27
839.8398398398399,250.0019465198434,2.411132902006099e-15,3.782125199905567e-27
840.8408408408409,250.00049697249977,2.2962970401793534e-15,3.491061263724778e-27
841.8418418418419,249.99905900131606,2.1869298289736926e-15,3.2223962363519333e-27
842.842842842843,249.99770244083123,2.0827709216582802e-15,2.9744061657796323e-27
843.843843843844,249.99648987183792,1.9835724402984643e-15,2.7455012122096304e-27
844.8448448448449,249.99547574974522,1.88909817304279e-15,2.5342113078828612e-27
845.8458458458459,249.99470496498157,1.7991234116217743e-15,2.3391835950773013e-27
846.8468468468469,249.994207681789,1.7134337727707552e-15,2.159163220156226e-27
847.8478478478479,249.9940018574052,1.6318255071444653e-15,1.9929988928939796e-27
848.8488488488489,249.9940901231851,1.5541041812889206e-15,1.8396222897459912e-27
849.8498498498499,249.9944603559461,1.4800848672511456e-15,1.698050865603053e-27
850.850850850851,249.99508966864377,1.4095914138024242e-15,1.5673781940072261e-27
851.851851851852,249.99593929414777,1.342455523798126e-15,1.4467584571630893e-27
852.852852852853,249.9969635757901,1.2785173824140696e-15,1.3354194998977345e-27
853.8538538538539,249.9981081237382,1.2176247654840233e-15,1.232648705093952e-27
854.8548548548549,249.9993142551152,1.1596326016256258e-15,1.1377868912637089e-27
855.8558558558559,250.00052295179785,1.1044027365014509e-15,1.0502258329443985e-27
856.8568568568569,250.00167562647002,1.051803540081849e-15,9.694031913303128e-28
857.8578578578579,250.0027184697806,1.0017096976877192e-15,8.948008411158194e-28
858.858858858859,250.00360426659154,9.54001795985593e-16,8.259391854327828e-28
859.85985985986,250.0042940626533,9.085661763417776e-16,7.6237708287876475e-28
860.860860860861,250.00475964257498,8.652945656389018e-16,7.0370677584184095e-28
861.8618618618619,250.00498369351718,8.240838677883641e-16,6.495520877700514e-28
862.8628628628629,250.00496289314734,7.848358398363291e-16,5.995647459126598e-28
863.8638638638639,250.0047041203373,7.474569829918203e-16,5.534241620603615e-28
864.8648648648649,250.00422576460556,7.118582490915481e-16,5.10834262601762e-28
865.865865865866,250.0035567818218,6.779548415358933e-16,4.715217765692854e-28
866.866866866867,250.00273373161036,6.456660210629345e-16,4.352346801006216e-28
867.867867867868,250.00180004646776,6.149148953077904e-16,4.0174023592278584e-28
868.868868868869,250.0008033816703,5.856282296020757e-16,3.7082345209745383e-28
869.86986986987,249.99979292595003,5.577362952365175e-16,3.4228604097358855e-28
870.8708708708709,249.99881778449944,5.311726715290362e-16,3.159447225344472e-28
871.8718718718719,249.99792388789012,5.058741173399558e-16,2.9163051690570807e-28
872.8728728728729,249.99715240782993,4.817804202683641e-16,2.691876316998262e-28
873.873873873874,249.99653711293215,4.588341984314874e-16,2.484718246349174e-28
874.874874874875,249.99610464337013,4.369808487001157e-16,2.293504754170806e-28
875.875875875876,249.9958702821109,4.1616830807190545e-16,2.1170052311558687e-28
876.876876876877,249.9958417977275,3.963470527880115e-16,1.9540905358569534e-28
877.877877877878,249.99601339311786,3.7746984663143123e-16,1.803711098122287e-28
878.8788788788789,249.99637256717017,3.5949175092197466e-16,1.6649035609688812e-28
879.8798798798799,249.99689654538753,3.4236994435857324e-16,1.5367768054798242e-28
880.8808808808809,249.99755610324843,3.2606365763449004e-16,1.4185101044327694e-28
881.881881881882,249.99831641240272,3.105340561344313e-16,1.3093452418530003e-28
882.882882882883,249.99913822404682,2.9574414458671197e-16,1.2085817749684408e-28
883.883883883884,249.9999809337901,2.8165868987925504e-16,1.1155731445471494e-28
884.884884884885,250.00080354693438,2.6824413188681343e-16,1.0297223071003977e-28
885.885885885886,250.00156702376134,2.5546850428657294e-16,9.504779104609833e-29
886.8868868868869,250.00223607704888,2.433013711942608e-16,8.773318635427373e-29
887.8878878878879,250.00278058403535,2.3171374455156506e-16,8.098150031526194e-29
888.8888888888889,250.00317748429615,2.2067801720169807e-16,7.474943707724986e-29
889.88988988989,250.00341126774717,2.1016789316538894e-16,6.899700628089472e-29
890.890890890891,250.0034740889427,2.001583377605574e-16,6.368733487519937e-29
891.891891891892,250.003368728288,1.906254847513762e-16,5.878621686964058e-29
892.892892892893,250.00310357423308,1.8154663264150713e-16,5.426225110991024e-29
893.893893893894,250.00269593303855,1.729001521353446e-16,5.008638227527397e-29
894.894894894895,250.0021693353786,1.6466545430662763e-16,4.6231858502865025e-29
895.8958958958959,250.00155163661836,1.5682293007010927e-16,4.267397074361266e-29
896.896896896897,250.00087524028237,1.4935390230898905e-16,3.9389900952087455e-29
897.897897897898,250.00017370948183,1.4224058521077245e-16,3.635858296069839e-29
898.898898898899,249.9994814690918,1.3546603774682108e-16,3.356055536392257e-29
899.8998998999,249.9988314633535,1.290141261907377e-16,3.0977848223645146e-29
900.900900900901,249.99825392880862,1.2286949019790243e-16,2.85939020529986e-29
901.901901901902,249.99777498518307,1.1701749746521787e-16,2.639340929890917e-29
902.902902902903,249.99741569919215,1.1144421957669102e-16,2.436227927379848e-29
903.9039039039039,249.99718986367802,1.0613637893746125e-16,2.248744867887192e-29
904.904904904905,249.99710657514862,1.0108134810049026e-16,2.0756938471561887e-29
905.905905905906,249.99716434108564,9.626707452768736e-17,1.9159581103614e-29
906.906906906907,249.99735757682527,9.168209736833421e-17,1.7685143604366224e-29
907.907907907908,249.99767264929682,8.731549308592401e-17,1.6324147138391583e-29
908.908908908909,249.99809146946697,8.315686625152498e-17,1.5067880431577754e-29
909.90990990991,249.9985905189321,7.91963127983222e-17,1.3908290074483582e-29
910.910910910911,249.9991441459414,7.542440047630987e-17,1.283794311487205e-29
911.911911911912,249.99972436750917,7.183214506647644e-17,1.1849976411186113e-29
912.912912912913,250.00030318491125,6.841098697810144e-17,1.0938041180999296e-29
913.913913913914,250.0008529700021,6.515277789200892e-17,1.0096292931454446e-29
914.914914914915,250.00134820435136,6.204975153268249e-17,9.319314331551879e-30
915.915915915916,250.00176629937883,5.909451763493823e-17,8.602129198250934e-30
916.916916916917,250.00208881849986,5.628003561735515e-17,7.940135273461684e-30
917.917917917918,250.00230241619226,5.3599602361849306e-17,7.329091891120663e-30
918.918918918919,250.00239976182453,5.104682934502544e-17,6.765072625133555e-30
919.91991991992,250.00237763076592,4.8615640646946355e-17,6.244472374551547e-30
920.920920920921,250.00224206534094,4.630023646664501e-17,5.763928154545195e-30
921.921921921922,250.00200142263765,4.409510450898403e-17,5.320364642577465e-30
922.922922922923,250.0016710405151,4.1994989345537124e-17,4.910926103716459e-30
923.923923923924,250.0012688157343,3.999489168959873e-17,4.532993493608468e-30
924.924924924925,250.00081657794485,3.8090048708108784e-17,4.184144070545253e-30
925.925925925926,250.0003369960031,3.627592483458412e-17,3.8621423500431525e-30
926.926926926927,249.99985389564955,3.4548200195240097e-17,3.5649240165800035e-30
927.927927927928,249.99939004778588,3.290275968927151e-17,3.2905798101483226e-30
928.928928928929,249.99896717668537,3.133568543281796e-17,3.0373504114803452e-30
929.92992992993,249.99860431362606,2.984324403849211e-17,2.803606359554652e-30
930.930930930931,249.99831759883787,2.842188274398265e-17,2.587850630641452e-30
931.931931931932,249.99811895425069,2.706821605400297e-17,2.3886971037166443e-30
932.932932932933,249.9980161478737,2.5779021950330405e-17,2.2048710293923348e-30
933.933933933934,249.99801130534993,2.4551228961833066e-17,2.035191353185554e-30
934.934934934935,249.9981033107706,2.3381915255563013e-17,1.8785725606825155e-30
935.9359359359361,249.99828389632873,2.2268293219758e-17,1.7340053480296914e-30
936.9369369369371,249.99854373579174,2.120771344999132e-17,1.6005669353186573e-30
937.937937937938,249.99886638401614,2.0197646600057127e-17,1.4773952559532138e-30
938.938938938939,249.9992360982086,1.92356884498181e-17,1.3637034082763352e-30
939.93993993994,249.99963241694178,1.831954544135947e-17,1.25875810724555e-30
940.940940940941,250.00003744711432,1.7447033097677698e-17,1.1618859013768506e-30
941.941941941942,250.00042953046363,1.6616076876902126e-17,1.0724674232962951e-30
942.942942942943,250.00079120293825,1.5824695555284762e-17,9.899281854177226e-31
943.9439439439441,250.0011054211101,1.5071006643509598e-17,9.137411160482612e-31
944.9449449449451,250.0013583373437,1.4353215816706085e-17,8.43418566336078e-31
945.945945945946,250.001539633042,1.366961077877655e-17,7.7850745184796e-31
946.946946946947,250.0016419993836,1.3018565156406146e-17,7.1859287737264485e-31
947.947947947948,250.00166247334508,1.2398527591278046e-17,6.6328980250731814e-31
948.948948948949,250.0016021501114,1.1808019160195088e-17,6.122420432884156e-31
949.94994994995,250.00146573041056,1.1245633121217862e-17,5.651219523616719e-31
950.950950950951,250.00126181999434,1.0710029295213044e-17,5.216267710089934e-31
951.9519519519521,250.0010016011337,1.0199933031426172e-17,4.814782280524535e-31
952.9529529529531,250.0006990052753,9.714129765031315e-18,4.444189854559886e-31
953.953953953954,250.00036938101007,9.251463129521123e-18,4.1021181478851984e-31
954.954954954955,250.00002962512252,8.810832130786418e-18,3.786376830257059e-31
955.955955955956,249.99969675997284,8.391189763944652e-18,3.4949545668215322e-31
956.956956956957,249.99938687619326,7.991536026384899e-18,3.2259763433337305e-31
957.957957957958,249.99911399883317,7.610916593317423e-18,2.977701016836929e-31
958.958958958959,249.99889100637114,7.24842564985476e-18,2.7485367959051074e-31
959.9599599599601,249.9987272884727,6.9031992742324584e-18,2.5370091965047154e-31
960.9609609609611,249.99862899641957,6.574413855088995e-18,2.341754225556062e-31
961.9619619619621,249.9985996386921,6.261288467911779e-18,2.1615289836979185e-31
962.962962962963,249.99863864698787,5.9630762538066035e-18,1.995172159708713e-31
963.963963963964,249.99874259979887,5.679065633378035e-18,1.8416108640553704e-31
964.964964964965,249.9989046646434,5.4085824044299465e-18,1.699869214631555e-31
965.965965965966,249.99911619048382,5.150980054481105e-18,1.569028826872314e-31
966.9669669669671,249.99936522480496,4.905648387789373e-18,1.448263748319728e-31
967.9679679679681,249.9996398379916,4.671999855070763e-18,1.3367868512075083e-31
968.9689689689691,249.99992490248366,4.4494817872867735e-18,1.2338973620604998e-31
969.9699699699701,250.00020797112816,4.237560224589597e-18,1.138920776831601e-31
970.970970970971,250.00047345726142,4.035734378447477e-18,1.0512616527493287e-31
971.971971971972,250.00070992837155,3.843521258979855e-18,9.703498162154764e-32
972.972972972973,250.0009057326665,3.660464299989628e-18,8.956701299008784e-32
973.973973973974,250.00105294846549,3.486125978785008e-18,8.267381499548789e-32
974.9749749749751,250.00114551668577,3.3200909624299115e-18,7.631112478246803e-32
975.9759759759761,250.00118037824848,3.1619639013863395e-18,7.043813931492856e-32
976.9769769769771,250.0011573977223,3.011367395121698e-18,6.501696957994543e-32
977.9779779779781,250.00107898380486,2.8679435978429357e-18,6.001308642773691e-32
978.9789789789791,250.00095038734176,2.7313506241041086e-18,5.539431045905309e-32
979.97997997998,250.00077830253483,2.6012612133135978e-18,5.113051443072266e-32
980.980980980981,250.00057265335903,2.4773677026381698e-18,4.7194917265750626e-32
981.981981981982,250.00034351574928,2.359374103233111e-18,4.3562054338711437e-32
982.9829829829831,250.00010256494164,2.2469994768896144e-18,4.0208630762130524e-32
983.9839839839841,249.99986296576384,2.1399787667805885e-18,3.7113767072710826e-32
984.9849849849851,249.99963547660255,2.0380555166251617e-18,3.425721892476477e-32
985.9859859859861,249.99943133738716,1.940987373751716e-18,3.1620733208475534e-32
986.9869869869871,249.99926020365922,1.848542660075268e-18,2.9187225959079964e-32
987.987987987988,249.9991290528054,1.7605005399472843e-18,2.694095023490938e-32
988.988988988989,249.99904402239542,1.6766518362780742e-18,2.486756223847661e-32
989.98998998999,249.99900743597217,1.5967962491103563e-18,2.2953658087232196e-32
990.9909909909911,249.99902015490744,1.520744158119666e-18,2.118706971405808e-32
991.9919919919921,249.9990800532751,1.448314193027616e-18,1.955642376466608e-32
992.9929929929931,249.99918332734703,1.3793331877432919e-18,1.805114468576136e-32
993.9939939939941,249.9993236698862,1.3136374423423572e-18,1.666167908150454e-32
994.9949949949951,249.99949361865617,1.2510706662492428e-18,1.5379153709949461e-32
995.995995995996,249.99968465409884,1.1914832427955774e-18,1.419523855619271e-32
996.996996996997,249.99988606552316,1.1347349036064287e-18,1.3102611217314858e-32
997.9979979979981,250.00008875447227,1.0806893363520227e-18,1.2094077097256301e-32
998.9989989989991,250.00028207402795,1.0292185113971424e-18,1.116326973819826e-32
1000.0,250.0004571745837,9.801991421307241e-19,1.0304102588098239e-32
